filename,brisque,ckdn,cw_ssim,dbcnn,dists,fsim,gmsd,ilniqe,lpips,lpips-vgg,mad,ms_ssim,niqe,nlpd,paq2piq,pieapp,psnr,ssim,vif,vsi
final07_d2_l4.bmp,63.8114013671875,0.5840198993682861,0.9095724821090698,42.27996826171875,0.20053380727767944,0.9789285659790039,0.03548450767993927,27.33826826166829,0.20225083827972412,0.4405295252799988,74.34967533662606,0.970980167388916,5.954384803771973,0.14585718512535095,69.25517272949219,0.1334332972764969,33.1156120300293,0.918317973613739,0.44899141788482666,0.9955740571022034
final17_d2_l1.bmp,116.16769409179688,0.614802896976471,0.9852860569953918,61.26985168457031,0.07787525653839111,0.9970959424972534,0.0055300043895840645,55.60590037686392,0.021046258509159088,0.14274853467941284,19.187456491786417,0.9946598410606384,6.321590900421143,0.07093847543001175,70.67327117919922,0.1771371066570282,34.92388916015625,0.9747225046157837,0.8033852577209473,0.999045193195343
final13_d2_l1.bmp,19.443115234375,0.5543925762176514,0.9998612999916077,49.53141784667969,0.09136724472045898,0.9976533651351929,0.004973314236849546,16.64391487881151,0.05801516771316528,0.17442737519741058,8.176106652500838,0.9946342706680298,2.6841957569122314,0.09255089610815048,75.66947174072266,0.2687174081802368,32.60036087036133,0.9479796886444092,0.8304585218429565,0.9980707764625549
final23_d2_l2.bmp,23.7164306640625,0.547261118888855,0.9961035847663879,50.262508392333984,0.11720103025436401,0.9955040812492371,0.010265631601214409,26.978511176857605,0.13569526374340057,0.2900312840938568,40.91911092865738,0.9875103235244751,4.058252334594727,0.09956443309783936,73.92729949951172,0.19790847599506378,36.488441467285156,0.9335436224937439,0.6609996557235718,0.9985734224319458
final21_d2_l4.bmp,55.20745849609375,0.645081639289856,0.9660509824752808,48.492576599121094,0.12073582410812378,0.98531574010849,0.039329513907432556,27.31564107136787,0.15757769346237183,0.3470124304294586,69.9250798196285,0.9720973372459412,4.912628650665283,0.15712065994739532,73.16768646240234,0.5151044726371765,29.614439010620117,0.8898912668228149,0.5001388788223267,0.9937893748283386
final03_d2_l3.bmp,29.48858642578125,0.5182428359985352,0.9990972876548767,52.452857971191406,0.16432833671569824,0.991625964641571,0.025787580758333206,28.201491865244684,0.1345292180776596,0.29750436544418335,43.28684799116523,0.9820083379745483,3.2892956733703613,0.18587440252304077,73.80919647216797,0.33319368958473206,27.181106567382812,0.8472490906715393,0.5854922533035278,0.995172917842865
final10_d2_l3.bmp,24.371826171875,0.6635820865631104,0.9988737106323242,64.13351440429688,0.17887341976165771,0.9935024380683899,0.022978611290454865,24.779605720183536,0.07746249437332153,0.24455781280994415,41.155055131792594,0.9832516312599182,4.789658069610596,0.16364611685276031,80.78900146484375,0.49988946318626404,28.020265579223633,0.8758103251457214,0.5955982804298401,0.9971342086791992
final04_d2_l5.bmp,70.2481689453125,0.4222537577152252,0.692968487739563,35.936248779296875,0.3510267734527588,0.9355980753898621,0.09605247527360916,42.30815888259364,0.4172182083129883,0.5155481696128845,148.08470836044523,0.9200364947319031,8.673455238342285,0.2265840768814087,71.20228576660156,0.47330254316329956,29.962833404541016,0.8544583916664124,0.23421262204647064,0.9847810864448547
final16_d2_l2.bmp,42.490966796875,0.6936917901039124,0.9743189215660095,51.981117248535156,0.07975131273269653,0.9959469437599182,0.008047514595091343,46.516741083020314,0.03527088835835457,0.1580590158700943,4.286636610772258,0.9918685555458069,3.924849271774292,0.07662337273359299,73.50727081298828,0.2136085480451584,36.29899978637695,0.9711664915084839,0.6845450401306152,0.9982696175575256
final09_d2_l5.bmp,59.14569091796875,0.5258527994155884,0.9337894916534424,35.049530029296875,0.33255839347839355,0.9484136700630188,0.08084925264120102,47.35736525455924,0.4773591160774231,0.5406526923179626,109.26811314160399,0.9260923862457275,8.113338470458984,0.2189013510942459,57.744991302490234,0.5645266771316528,31.05158805847168,0.8532162308692932,0.2716008722782135,0.9854726791381836
final02_d2_l4.bmp,82.242431640625,0.6300042867660522,0.8822505474090576,47.147029876708984,0.1940205693244934,0.9735124111175537,0.025108857080340385,60.29457024816007,0.19896167516708374,0.45245903730392456,56.45086071388953,0.9854254722595215,10.770915985107422,0.09433883428573608,70.92670440673828,0.1037817895412445,33.752742767333984,0.9674650430679321,0.48805856704711914,0.994944155216217
final04_d2_l1.bmp,22.9483642578125,0.49095624685287476,0.9204275608062744,60.77227783203125,0.12780427932739258,0.9973465204238892,0.005203294102102518,35.51386222801962,0.05883852764964104,0.19867074489593506,6.058460531851883,0.9928941130638123,3.981048583984375,0.07634048908948898,73.6498794555664,0.15471352636814117,37.543006896972656,0.9649922847747803,0.775611400604248,0.9991289973258972
final10_d2_l5.bmp,47.99755859375,0.658104419708252,0.9909679889678955,47.48912048339844,0.29890453815460205,0.9693699479103088,0.08720922470092773,34.82160849376075,0.20452889800071716,0.4063163697719574,101.77788288294765,0.9434741735458374,8.024910926818848,0.2789451777935028,76.69317626953125,1.0928587913513184,24.71754264831543,0.7592837810516357,0.3356907367706299,0.9876788258552551
final19_d2_l5.bmp,69.7572021484375,0.584892213344574,0.9629578590393066,38.97704315185547,0.285824179649353,0.9559070467948914,0.08334570378065109,39.65281956642535,0.31226643919944763,0.5427137613296509,105.54335350986729,0.936275839805603,8.095253944396973,0.21392570436000824,66.00961303710938,0.670960545539856,29.573108673095703,0.850338339805603,0.3079453110694885,0.9867373704910278
final15_d2_l2.bmp,30.08636474609375,0.6192673444747925,0.9985448122024536,63.606571197509766,0.08132928609848022,0.9964749813079834,0.011198677122592926,23.511928612088074,0.05077098682522774,0.14653411507606506,8.372076934385118,0.9933755397796631,3.1900954246520996,0.10730945318937302,72.66378784179688,0.34332820773124695,32.07563781738281,0.9458058476448059,0.7428093552589417,0.9981529116630554
final16_d2_l1.bmp,43.69915771484375,0.6936500072479248,0.9852920174598694,53.90660858154297,0.05421668291091919,0.9979678392410278,0.004059674683958292,42.93906118572905,0.02004079334437847,0.09963573515415192,1.1686776436869748,0.9950112104415894,3.7223641872406006,0.05973471701145172,74.35655975341797,0.14609386026859283,37.78302001953125,0.9798054695129395,0.8039992451667786,0.998936116695404
final19_d2_l1.bmp,27.73516845703125,0.6005423665046692,0.9991540312767029,59.017635345458984,0.05295002460479736,0.9981206655502319,0.0044446708634495735,19.183569874371724,0.03629635274410248,0.12106955051422119,5.175058947233016,0.9947723150253296,4.15090274810791,0.06887152045965195,75.37386322021484,0.23649629950523376,36.818931579589844,0.9694797396659851,0.8347893953323364,0.9991139769554138
final07_d2_l1.bmp,38.27972412109375,0.5868374705314636,0.9851833581924438,57.70259094238281,0.08690130710601807,0.9972497820854187,0.005049168132245541,22.20796671707205,0.04864757880568504,0.22305098176002502,5.7368047530001745,0.9934176802635193,3.341695785522461,0.07360649853944778,71.12259674072266,0.17069187760353088,37.90056228637695,0.9677760004997253,0.8031256794929504,0.9991682171821594
final17_d2_l2.bmp,109.856201171875,0.6142868399620056,0.9720041155815125,58.859222412109375,0.11294418573379517,0.9943238496780396,0.01154178287833929,57.32399411496678,0.03983038663864136,0.1912917196750641,36.382752965610074,0.9909362196922302,6.494865894317627,0.09265425056219101,70.16877746582031,0.24205753207206726,33.115055084228516,0.9591493010520935,0.697746753692627,0.9983606934547424
final05_d2_l3.bmp,43.08612060546875,0.574580729007721,0.9659854173660278,41.08858871459961,0.15388578176498413,0.9913157820701599,0.01884080097079277,22.84260073986428,0.12276457250118256,0.3172876834869385,44.585239402019226,0.9862104058265686,4.431939601898193,0.10991530865430832,63.05033493041992,0.24998421967029572,32.79840087890625,0.9461802840232849,0.6190293431282043,0.9969024658203125
final06_d2_l3.bmp,26.8077392578125,0.4987454414367676,0.976036012172699,45.55075454711914,0.17227178812026978,0.9891080856323242,0.024156032130122185,28.69011429525021,0.16909833252429962,0.36545780301094055,40.20356278092245,0.972846508026123,3.887505292892456,0.16508252918720245,71.05299377441406,0.3659956455230713,30.854005813598633,0.8588271141052246,0.5251675248146057,0.9968737363815308
final14_d2_l4.bmp,66.41876220703125,0.5482649207115173,0.9160730838775635,37.78669357299805,0.22854113578796387,0.9802494645118713,0.027504127472639084,44.488426152823344,0.3470347821712494,0.5166071057319641,58.615800147629244,0.9763563275337219,9.984871864318848,0.11496908217668533,59.5647087097168,0.12735244631767273,36.25414276123047,0.9510982632637024,0.36272934079170227,0.995576024055481
final10_d2_l1.bmp,15.05255126953125,0.6639082431793213,0.9998540878295898,69.13650512695312,0.11874794960021973,0.9981243014335632,0.005492796655744314,24.918053020385816,0.025587260723114014,0.14427655935287476,2.1567835025428113,0.9941678643226624,3.670469045639038,0.1010359525680542,81.93649291992188,0.25112971663475037,30.870342254638672,0.9388657212257385,0.8282313346862793,0.9990296959877014
final17_d2_l3.bmp,107.076904296875,0.610068142414093,0.9297041296958923,55.683658599853516,0.14408862590789795,0.9881841540336609,0.022718673571944237,59.67669979341944,0.0772172212600708,0.2559174597263336,70.7755098975561,0.9833350777626038,7.492849349975586,0.12482541799545288,69.51837158203125,0.23610366880893707,31.17259979248047,0.9380460381507874,0.5727874636650085,0.9969400763511658
final22_d2_l2.bmp,33.3592529296875,0.5271205902099609,0.9993264675140381,47.51261520385742,0.11794614791870117,0.9964563846588135,0.010015083476901054,22.611445896522373,0.1191524863243103,0.23528891801834106,4.64524028662602,0.9920833110809326,3.521418571472168,0.1358567327260971,72.70175170898438,0.3827975392341614,30.096485137939453,0.9278825521469116,0.7169309854507446,0.998123288154602
final22_d2_l1.bmp,28.93218994140625,0.528717577457428,0.9997180104255676,50.120113372802734,0.09110206365585327,0.9979264140129089,0.004920524079352617,20.8392522423425,0.07104067504405975,0.18016374111175537,0.0,0.995386004447937,3.3087046146392822,0.10622599720954895,73.45357513427734,0.295587956905365,31.600313186645508,0.9519343972206116,0.8253101706504822,0.9988430738449097
final05_d2_l2.bmp,37.26495361328125,0.5758739113807678,0.9764933586120605,43.36677932739258,0.10921186208724976,0.9959837198257446,0.008957537822425365,20.946440442487134,0.0786319375038147,0.23772160708904266,23.792618732829073,0.9919414520263672,4.0846076011657715,0.0839899554848671,65.15678405761719,0.1765110343694687,34.378971099853516,0.9617899656295776,0.7402873039245605,0.9983292818069458
final16_d2_l4.bmp,54.32208251953125,0.6890443563461304,0.913022518157959,41.875675201416016,0.16428744792938232,0.983090877532959,0.028960095718503,46.09480004448054,0.10902838408946991,0.3569279909133911,37.44498733125463,0.9742624163627625,5.980146884918213,0.1275796741247177,71.15876007080078,0.42644447088241577,33.229793548583984,0.9401582479476929,0.4279513359069824,0.9950070381164551
final17_d2_l5.bmp,102.86465454101562,0.5871686935424805,0.7700169086456299,49.644222259521484,0.21856892108917236,0.9484507441520691,0.08505847305059433,62.90469462516509,0.2481183409690857,0.3492205739021301,171.5231983615003,0.9375935196876526,8.52025032043457,0.24062633514404297,69.53330993652344,0.3438512086868286,26.618160247802734,0.8630048632621765,0.32339754700660706,0.9868608713150024
final11_d2_l3.bmp,28.93231201171875,0.5666621923446655,0.9974329471588135,43.779273986816406,0.12776345014572144,0.9927492141723633,0.018724782392382622,25.56478686862379,0.11609640717506409,0.24452295899391174,15.422586784450505,0.9849241971969604,4.439734935760498,0.13645555078983307,74.88935852050781,0.4452873766422272,31.701204299926758,0.9216781258583069,0.5985914468765259,0.9967764616012573
final02_d2_l5.bmp,86.15740966796875,0.62388676404953,0.8469081521034241,43.44497299194336,0.27168798446655273,0.9599288702011108,0.058995164930820465,71.8224448893872,0.18583281338214874,0.48447269201278687,87.72811225085381,0.9740357398986816,11.529500961303711,0.12538379430770874,70.4871597290039,0.39266887307167053,31.133424758911133,0.950404167175293,0.35013827681541443,0.9886631369590759
final01_d2_l5.bmp,51.10479736328125,0.5326894521713257,0.9907976388931274,42.274017333984375,0.22220855951309204,0.9700617790222168,0.0754314437508583,29.99611415551737,0.2458556890487671,0.4077267050743103,85.7789391721776,0.9550500512123108,4.515279769897461,0.31542083621025085,70.67263793945312,0.659450113773346,21.036598205566406,0.7704376578330994,0.3355506956577301,0.9838776588439941
final19_d2_l4.bmp,50.03582763671875,0.5978704690933228,0.9878795146942139,44.84349822998047,0.17412680387496948,0.9846409559249878,0.03404080122709274,26.525122096712423,0.16140787303447723,0.3771776556968689,51.544159515387435,0.9733114242553711,5.979647159576416,0.14468152821063995,71.37163543701172,0.41805264353752136,32.253456115722656,0.9110502004623413,0.4817318916320801,0.9950436353683472
final18_d2_l5.bmp,52.49713134765625,0.6163434386253357,0.8835391998291016,46.286231994628906,0.2403584122657776,0.9626212120056152,0.08444935083389282,74.05384940349974,0.26875078678131104,0.4417383372783661,99.97641768199145,0.9501463770866394,7.403423309326172,0.20767980813980103,64.61068725585938,0.6540837287902832,29.053253173828125,0.8538801670074463,0.28990599513053894,0.9857947826385498
final02_d2_l3.bmp,82.1236572265625,0.6326273083686829,0.9091431498527527,46.62461471557617,0.1515284776687622,0.9846271872520447,0.012601491995155811,55.120941646736306,0.12048820406198502,0.41254135966300964,40.28652984598521,0.990892767906189,9.696516036987305,0.07571008801460266,70.93022918701172,0.1078118234872818,35.17984390258789,0.9749429821968079,0.5910410284996033,0.9968248605728149
final05_d2_l5.bmp,60.299560546875,0.5625832676887512,0.9479200839996338,37.54692077636719,0.27710938453674316,0.9555251002311707,0.07634548842906952,30.36416810979794,0.2440965473651886,0.4641411304473877,100.23020245381561,0.9579930901527405,6.650811672210693,0.1928500086069107,60.85270309448242,0.29067263007164,28.82583999633789,0.8852401971817017,0.3583236336708069,0.9884002804756165
final09_d2_l3.bmp,23.1956787109375,0.5565412044525146,0.990182638168335,41.98078536987305,0.1486872434616089,0.9910748600959778,0.018911302089691162,31.022582892596485,0.1673566848039627,0.34700536727905273,32.65644833673545,0.9820908308029175,5.171731948852539,0.11628609150648117,66.42250061035156,0.3290916979312897,35.664573669433594,0.938433051109314,0.5671781897544861,0.9971324801445007
final15_d2_l5.bmp,59.20263671875,0.6188099980354309,0.9704170227050781,53.26347351074219,0.1860705018043518,0.9665102362632751,0.08146173506975174,32.88277761225808,0.2120083123445511,0.3592059910297394,74.61848500603791,0.9567283987998962,6.270351886749268,0.24942751228809357,69.55045318603516,0.9043103456497192,26.573732376098633,0.8168331980705261,0.35545530915260315,0.9878503680229187
final06_d2_l1.bmp,8.73931884765625,0.5008974671363831,0.994324803352356,56.3309326171875,0.08841389417648315,0.9973951578140259,0.006459629628807306,23.292220724397747,0.06137106567621231,0.20104223489761353,0.0,0.990503191947937,2.5613837242126465,0.10406223684549332,72.02278137207031,0.23782117664813995,33.3968620300293,0.9265796542167664,0.7860822081565857,0.9990549087524414
final11_d2_l4.bmp,35.9539794921875,0.5597473382949829,0.9947242736816406,39.99269485473633,0.17912864685058594,0.9865450263023376,0.03336932882666588,28.75838452344199,0.17643383145332336,0.32542556524276733,36.18064678694112,0.974436342716217,5.261819839477539,0.17099277675151825,73.3605728149414,0.5576174855232239,30.24844741821289,0.8903902173042297,0.48511385917663574,0.9944778680801392
final01_d2_l4.bmp,35.48846435546875,0.5336100459098816,0.995909571647644,50.826377868652344,0.17562919855117798,0.9870997667312622,0.03447970002889633,23.568922196818885,0.13783283531665802,0.29538094997406006,47.56042376358888,0.9788345098495483,3.3313651084899902,0.2305721789598465,72.17654418945312,0.5358494520187378,22.772689819335938,0.8509097695350647,0.4851534068584442,0.9922130703926086
final10_d2_l4.bmp,30.0113525390625,0.6594590544700623,0.9975321292877197,59.73723602294922,0.2177078127861023,0.9881862998008728,0.03805600851774216,26.845400693706406,0.12466466426849365,0.300817608833313,62.225148643879756,0.9743108749389648,5.834786415100098,0.19802862405776978,79.9344253540039,0.7263402938842773,26.776153564453125,0.8409846425056458,0.4959849417209625,0.9949700236320496
final01_d2_l3.bmp,27.97467041015625,0.5336409211158752,0.9973879456520081,55.68046569824219,0.14435821771621704,0.9919162392616272,0.021587692201137543,22.285031642235655,0.10227696597576141,0.23962126672267914,34.37966169155079,0.9860658049583435,2.6994850635528564,0.19265426695346832,73.55259704589844,0.45814013481140137,23.69583511352539,0.8854216933250427,0.5809586644172668,0.9945542216300964
final04_d2_l3.bmp,40.60626220703125,0.4905222952365875,0.8365083336830139,53.27157211303711,0.20870065689086914,0.9880546927452087,0.02114185132086277,38.51915492101485,0.1444873958826065,0.35128432512283325,43.777268089293614,0.9796395301818848,5.446507453918457,0.12307155877351761,72.93016052246094,0.31733179092407227,34.309356689453125,0.9306995868682861,0.5074015855789185,0.9971998333930969
final22_d2_l5.bmp,65.51220703125,0.5133969187736511,0.9835992455482483,39.887413024902344,0.25403499603271484,0.9719960689544678,0.07962339371442795,29.79133729527654,0.29195553064346313,0.4699642062187195,69.08266188004374,0.9446707963943481,5.768983364105225,0.30392464995384216,66.42025756835938,0.6113072633743286,25.07859230041504,0.7624697089195251,0.326251357793808,0.9873713850975037
final12_d2_l1.bmp,86.27618408203125,0.5342227816581726,0.8352932333946228,33.029449462890625,0.09463930130004883,0.9900562763214111,0.0036468328908085823,79.633402755566,0.01722119003534317,0.12179289758205414,17.604682727537583,0.9951401352882385,9.454671859741211,0.04209959879517555,71.0589370727539,0.018686499446630478,43.615325927734375,0.9907137155532837,0.6697767972946167,0.9992634654045105
final08_d2_l5.bmp,62.11279296875,0.5790529847145081,0.9250653386116028,38.39826583862305,0.29640448093414307,0.9502858519554138,0.08250481635332108,52.52177895219178,0.4667298197746277,0.544792115688324,126.01651490164308,0.9318346381187439,7.9922308921813965,0.2168344408273697,54.64585876464844,0.4655059576034546,30.293962478637695,0.8557167053222656,0.24613893032073975,0.9870166182518005
final05_d2_l1.bmp,31.646240234375,0.5741753578186035,0.985421359539032,45.05673599243164,0.08169609308242798,0.9980285167694092,0.004710271023213863,19.533108725440584,0.05297885090112686,0.18269607424736023,7.975423725929353,0.994374692440033,4.009086608886719,0.06744512915611267,65.9175796508789,0.14528733491897583,35.652042388916016,0.9720461964607239,0.8301680684089661,0.9989646673202515
final07_d2_l5.bmp,74.15216064453125,0.5441263914108276,0.8160805702209473,38.88398361206055,0.27456825971603394,0.9396657347679138,0.08666232973337173,38.24531028381469,0.3169107735157013,0.5190282464027405,146.6615430961336,0.9311506152153015,8.63167953491211,0.21206976473331451,68.45610809326172,0.22469182312488556,30.32305908203125,0.8744408488273621,0.29136306047439575,0.9878382682800293
final08_d2_l3.bmp,38.12091064453125,0.5901631712913513,0.9872210621833801,50.178340911865234,0.13829028606414795,0.9912849068641663,0.01847529411315918,33.80546595508368,0.16028979420661926,0.32375919818878174,49.25723977602247,0.9834520220756531,5.480607509613037,0.11474106460809708,70.94776916503906,0.46141359210014343,34.832794189453125,0.939593493938446,0.5372495055198669,0.9973797798156738
final12_d2_l5.bmp,92.29595947265625,0.5009765028953552,0.5833799839019775,29.218284606933594,0.3279854655265808,0.9367444515228271,0.05775531008839607,105.61971333006345,0.1724746823310852,0.31630152463912964,109.9340080792042,0.9613194465637207,17.194486618041992,0.12444724887609482,69.73697662353516,0.061041686683893204,33.53157424926758,0.9669427871704102,0.20015980303287506,0.9892035126686096
final18_d2_l1.bmp,19.90185546875,0.6256483793258667,0.9930461049079895,52.131080627441406,0.06157487630844116,0.9984803199768066,0.004010169766843319,46.5156896342784,0.028799911960959435,0.1573319286108017,6.4016574789948315,0.9958130121231079,4.646483421325684,0.06523136049509048,68.58091735839844,0.2077980637550354,37.184478759765625,0.9730496406555176,0.8427481055259705,0.9988322257995605
final13_d2_l5.bmp,50.92034912109375,0.5469824075698853,0.9914136528968811,31.604198455810547,0.2553843855857849,0.9626907706260681,0.08617837727069855,30.757677577777045,0.3097679615020752,0.48737046122550964,88.0322179553379,0.9430094361305237,6.251354694366455,0.263048380613327,67.5333480834961,0.4150610864162445,25.94916343688965,0.7738450169563293,0.32570236921310425,0.9821268916130066
final21_d2_l5.bmp,67.3857421875,0.6374503374099731,0.9231356382369995,41.06686019897461,0.1951075792312622,0.9603797197341919,0.09028082340955734,33.92742850461098,0.23921293020248413,0.4657299220561981,126.06212437036916,0.9389560222625732,6.4471049308776855,0.22589240968227386,71.1505126953125,0.5160999894142151,27.23151969909668,0.832979142665863,0.33881476521492004,0.9854552745819092
final23_d2_l3.bmp,37.044921875,0.5489281415939331,0.9888347387313843,45.54337692260742,0.17110252380371094,0.9901531934738159,0.020238244906067848,29.21532708040764,0.22822216153144836,0.3900146782398224,66.69655807171526,0.9784538149833679,5.320549964904785,0.12600551545619965,72.3754653930664,0.26616108417510986,34.90442657470703,0.9111564755439758,0.5199986696243286,0.9972736835479736
final01_d2_l2.bmp,22.21258544921875,0.5319389700889587,0.998778223991394,61.83802795410156,0.11039113998413086,0.9950404763221741,0.011637202464044094,19.61023706800657,0.06595724821090698,0.18522587418556213,14.457179295642819,0.991762101650238,2.0356874465942383,0.15275119245052338,74.17835998535156,0.39774370193481445,24.88790512084961,0.9203001260757446,0.7018251419067383,0.9962592124938965
final14_d2_l1.bmp,63.7679443359375,0.550140917301178,0.9861738681793213,45.595455169677734,0.11500221490859985,0.9976913928985596,0.0036384686827659607,38.345289353753564,0.10085612535476685,0.29390352964401245,7.155945121030883,0.9948341250419617,7.453912734985352,0.05763224884867668,66.35773468017578,0.1318906992673874,41.67646789550781,0.9797285795211792,0.7458625435829163,0.9992939829826355
final22_d2_l4.bmp,46.563720703125,0.5256171226501465,0.9959947466850281,41.76832580566406,0.17025375366210938,0.9886987209320068,0.03383360803127289,25.791153179233113,0.20587489008903503,0.355115681886673,33.20210752754257,0.9770448207855225,4.540520191192627,0.21228843927383423,71.21013641357422,0.4539240300655365,27.381332397460938,0.857147216796875,0.48913097381591797,0.9950103163719177
final09_d2_l2.bmp,15.11260986328125,0.5606935024261475,0.9966036081314087,48.393272399902344,0.08975934982299805,0.9960095882415771,0.00900790374726057,27.115174295418978,0.11015166342258453,0.2424243986606598,12.701773786951955,0.9904278516769409,3.8124845027923584,0.08796307444572449,67.55152893066406,0.238628089427948,37.53868103027344,0.958153486251831,0.708013653755188,0.9985381364822388
final05_d2_l4.bmp,49.98516845703125,0.5680367946624756,0.9531460404396057,39.5342903137207,0.1894693374633789,0.9843273758888245,0.03263629227876663,27.219760310139858,0.18163709342479706,0.37622755765914917,63.621831766172456,0.9781985282897949,4.718683242797852,0.1364947259426117,62.71185302734375,0.3246605396270752,31.38749122619629,0.92813640832901,0.5127742290496826,0.9949260354042053
final18_d2_l2.bmp,22.52325439453125,0.6252449750900269,0.987775981426239,49.63442611694336,0.07914507389068604,0.9969562888145447,0.008574848994612694,47.2339113974601,0.04851474240422249,0.19785502552986145,17.453394272277883,0.9931192398071289,4.620111465454102,0.08304475247859955,68.29424285888672,0.25691917538642883,35.5846061706543,0.9605522751808167,0.7369186878204346,0.9979837536811829
final10_d2_l2.bmp,18.54638671875,0.6625268459320068,0.9996160268783569,66.78105163574219,0.14302921295166016,0.9965828061103821,0.01131823007017374,23.144142214885726,0.04429805278778076,0.19221210479736328,17.969354452202612,0.9901868104934692,4.015235424041748,0.12873782217502594,81.39706420898438,0.3641233444213867,29.418468475341797,0.9112599492073059,0.7201170325279236,0.9983744025230408
final20_d2_l1.bmp,36.90533447265625,0.6932469010353088,0.9967643618583679,54.489986419677734,0.0657045841217041,0.9982979893684387,0.003880496136844158,25.1201779303245,0.04384787380695343,0.14323179423809052,4.695833523979465,0.9957212209701538,4.638729095458984,0.06465288251638412,75.80586242675781,0.24568158388137817,35.36937713623047,0.9757835268974304,0.8362185955047607,0.9989144206047058
final14_d2_l3.bmp,62.01458740234375,0.5514024496078491,0.9437010288238525,40.768760681152344,0.1777830719947815,0.9896627068519592,0.01554115954786539,45.535979859343364,0.22966907918453217,0.4398282766342163,38.422413543953766,0.9856323003768921,8.538980484008789,0.09200051426887512,63.28315734863281,0.1996096670627594,38.09392547607422,0.9638932347297668,0.47157782316207886,0.9975255131721497
final06_d2_l5.bmp,69.17205810546875,0.4549342393875122,0.904443621635437,35.76048278808594,0.3078969717025757,0.9495272636413574,0.09942255914211273,45.35653298078151,0.35624992847442627,0.5667274594306946,135.6852178527777,0.9034724831581116,7.414872646331787,0.2784343957901001,65.1066665649414,0.5187421441078186,27.9798526763916,0.7326877117156982,0.252486914396286,0.9872508645057678
final13_d2_l4.bmp,35.20404052734375,0.5514596700668335,0.9979631900787354,37.405120849609375,0.16952937841415405,0.9858111143112183,0.036908507347106934,23.2231035703517,0.19777490198612213,0.35042673349380493,46.32668647913493,0.9748386740684509,4.655465602874756,0.18390490114688873,73.60494995117188,0.41204729676246643,28.341384887695312,0.8582327365875244,0.4930216372013092,0.9920278787612915
final04_d2_l4.bmp,49.86016845703125,0.48385536670684814,0.7746323347091675,48.8903923034668,0.2707386612892151,0.9783858060836792,0.037142910063266754,40.039483306798374,0.23381298780441284,0.42640775442123413,85.23642188547429,0.9666662812232971,6.533895015716553,0.15253804624080658,72.43849182128906,0.29829156398773193,32.908382415771484,0.908293604850769,0.3936339318752289,0.995357096195221
final11_d2_l5.bmp,56.17486572265625,0.5323992967605591,0.980215311050415,34.83599090576172,0.304487943649292,0.9617023468017578,0.0834319144487381,35.467497665865565,0.35337570309638977,0.5161221623420715,78.95355542651002,0.9347421526908875,7.139267444610596,0.253555566072464,66.01419830322266,0.79935622215271,27.58358383178711,0.8078392744064331,0.3048485219478607,0.9855760931968689
final11_d2_l2.bmp,22.47027587890625,0.5682119727134705,0.999025285243988,47.66157150268555,0.09525442123413086,0.9965859651565552,0.008822872303426266,20.30904866259354,0.0685400739312172,0.16645370423793793,5.629637968322843,0.9919330477714539,3.6828856468200684,0.10390937328338623,76.28069305419922,0.305181086063385,33.467308044433594,0.9477065801620483,0.729534387588501,0.9983118176460266
final12_d2_l2.bmp,85.18310546875,0.5331642627716064,0.7652550935745239,32.45124435424805,0.12033873796463013,0.9867772459983826,0.006327840033918619,79.31014385588702,0.025962401181459427,0.16089753806591034,30.24362818896835,0.9930290579795837,9.898139953613281,0.04951484873890877,70.90253448486328,0.02105802856385708,42.288360595703125,0.9885669946670532,0.5577026009559631,0.9987947344779968
final20_d2_l3.bmp,42.61260986328125,0.6900425553321838,0.9899483323097229,46.42803955078125,0.13322985172271729,0.9924725294113159,0.017999043688178062,28.20704228218535,0.11084146797657013,0.2630477547645569,37.88373036326306,0.9870802164077759,5.537031650543213,0.10921841114759445,71.542236328125,0.39560413360595703,32.591739654541016,0.9480910301208496,0.599595844745636,0.9966867566108704
final13_d2_l2.bmp,22.8477783203125,0.5539074540138245,0.9996313452720642,45.527008056640625,0.11504453420639038,0.9957751035690308,0.010283484123647213,17.474419661288536,0.0944196954369545,0.2267116904258728,18.276606966510332,0.9909822344779968,3.0141260623931885,0.11771932989358902,75.28581237792969,0.3176393210887909,31.154584884643555,0.9251067042350769,0.724176824092865,0.9969164729118347
final18_d2_l3.bmp,28.94622802734375,0.6254573464393616,0.9735116958618164,49.42727279663086,0.1108468770980835,0.9932029247283936,0.018844231963157654,54.82089070594205,0.08221979439258575,0.26058319211006165,37.087150495604476,0.987332820892334,5.240932941436768,0.11073368042707443,66.85325622558594,0.29326510429382324,33.74858093261719,0.9406996369361877,0.6026279926300049,0.9964125156402588
final15_d2_l1.bmp,26.815673828125,0.6194376945495605,0.9994074106216431,66.3274154663086,0.060335636138916016,0.998139500617981,0.005409119185060263,22.11385277576923,0.028981901705265045,0.1056007668375969,2.019236530292894,0.9961470365524292,2.92775559425354,0.08236949890851974,73.3130111694336,0.23612534999847412,33.77849197387695,0.964785099029541,0.8437110781669617,0.9989182949066162
final09_d2_l1.bmp,12.1396484375,0.5582111477851868,0.9986073970794678,50.70988845825195,0.06030857563018799,0.9980292320251465,0.00440423097461462,26.099956134671732,0.05931071192026138,0.1595548689365387,2.6722290559888706,0.9942552447319031,3.5962648391723633,0.06855212897062302,69.04549407958984,0.1903284341096878,39.20474624633789,0.9709842205047607,0.8204785585403442,0.999212920665741
final23_d2_l4.bmp,52.4052734375,0.5476416349411011,0.9774087071418762,42.17853546142578,0.22438204288482666,0.9813333749771118,0.03486925736069679,36.157000738211295,0.3234823942184448,0.47595900297164917,90.1908956249398,0.9664521813392639,6.183908939361572,0.15241292119026184,68.57403564453125,0.30671751499176025,33.58259582519531,0.8885507583618164,0.406781405210495,0.9952125549316406
final14_d2_l5.bmp,78.55767822265625,0.5143026113510132,0.8245446085929871,33.02439880371094,0.3227806091308594,0.9385227560997009,0.07872511446475983,59.16072272688244,0.5666934251785278,0.6107339859008789,118.78752427592245,0.9392909407615662,13.545612335205078,0.1807074099779129,52.33905029296875,0.2814570367336273,31.93781280517578,0.9083352088928223,0.20393896102905273,0.9873336553573608
final20_d2_l4.bmp,47.6181640625,0.6904540657997131,0.9850303530693054,41.150901794433594,0.19154179096221924,0.9856032729148865,0.031976811587810516,32.30233383791555,0.160983145236969,0.33684656023979187,58.537476970039705,0.9792773127555847,6.316220760345459,0.13560087978839874,68.07366180419922,0.43578460812568665,31.27539825439453,0.9287540316581726,0.4881429970264435,0.9946176409721375
final03_d2_l5.bmp,47.004150390625,0.5098788142204285,0.9922711253166199,40.3513069152832,0.2578085660934448,0.9650418758392334,0.09137963503599167,34.81613712854074,0.3379483222961426,0.4727897644042969,97.9463764615249,0.9414637088775635,5.526854038238525,0.3072148561477661,70.36019897460938,0.390006422996521,23.980443954467773,0.712634801864624,0.33107390999794006,0.9822540879249573
final14_d2_l2.bmp,60.7789306640625,0.5512007474899292,0.9763832092285156,43.71013641357422,0.1362389326095581,0.9955576658248901,0.006870432756841183,41.16145812173961,0.14351409673690796,0.34375929832458496,18.033775885860113,0.992231011390686,7.305666446685791,0.07033304125070572,65.2588119506836,0.19233199954032898,40.10492706298828,0.9740282297134399,0.6202685236930847,0.998711109161377
final06_d2_l4.bmp,39.61260986328125,0.4872642159461975,0.9563988447189331,41.94514083862305,0.22380876541137695,0.9801744818687439,0.04067956283688545,33.634858780656295,0.23945936560630798,0.43911126255989075,74.26305069082767,0.9564670324325562,5.002490043640137,0.20053167641162872,70.3135986328125,0.4241754710674286,29.810152053833008,0.8191046714782715,0.4155075252056122,0.9947490096092224
final11_d2_l1.bmp,17.62469482421875,0.5684869885444641,0.9996717572212219,52.94240951538086,0.0700724720954895,0.9983235001564026,0.004157875664532185,19.4501396341334,0.043120190501213074,0.12046472728252411,1.4913240524398435,0.9953610301017761,3.136221408843994,0.07984979450702667,77.12467193603516,0.2144707292318344,35.19839859008789,0.9649806618690491,0.8362776637077332,0.9990461468696594
final03_d2_l2.bmp,25.59600830078125,0.5185064673423767,0.9996708035469055,59.10488510131836,0.1414724588394165,0.9954929351806641,0.01389362197369337,27.042839716193562,0.07454517483711243,0.23535571992397308,27.176860153218353,0.9889530539512634,2.8869078159332275,0.14945940673351288,75.00601196289062,0.2881615161895752,28.611141204833984,0.8885393738746643,0.7085349559783936,0.9966922402381897
final03_d2_l1.bmp,21.69708251953125,0.5174452662467957,0.9998747110366821,64.21627807617188,0.11658060550689697,0.9974590539932251,0.0071180895902216434,26.652307428306127,0.04004376381635666,0.17566528916358948,15.734580355085328,0.9933958649635315,2.610506534576416,0.11791796237230301,75.13488006591797,0.21295319497585297,30.199758529663086,0.9237644076347351,0.8195645213127136,0.9980536699295044
final15_d2_l3.bmp,36.27410888671875,0.6214104294776917,0.9959713816642761,59.596012115478516,0.10164254903793335,0.9928926825523376,0.022958435118198395,26.437495419584206,0.08372540771961212,0.19808416068553925,22.25203024892866,0.9881760478019714,3.537546157836914,0.13943840563297272,71.96354675292969,0.5100377798080444,30.395172119140625,0.9184693694114685,0.6209172606468201,0.9967676401138306
final02_d2_l2.bmp,82.95025634765625,0.6344583630561829,0.9252886772155762,49.939598083496094,0.11946064233779907,0.9885035753250122,0.0056719244457781315,54.40592916489108,0.08877541124820709,0.37150269746780396,23.258540069364948,0.9937123656272888,7.621687412261963,0.06135459244251251,71.98001098632812,0.1314086765050888,36.85012435913086,0.9801281690597534,0.700925350189209,0.9982503056526184
final16_d2_l3.bmp,47.343994140625,0.6904469132423401,0.9434280395507812,46.97096633911133,0.12085270881652832,0.9909408688545227,0.016806170344352722,45.66286588471196,0.06381121277809143,0.2570986747741699,16.14328825326908,0.9846830368041992,5.013032913208008,0.10176572948694229,72.7405014038086,0.3951716721057892,34.64983367919922,0.956997275352478,0.5423080325126648,0.9969029426574707
final23_d2_l1.bmp,16.02349853515625,0.5467220544815063,0.9983913898468018,54.78971481323242,0.0817919373512268,0.9977577328681946,0.005268197041004896,24.504209856348282,0.08840814977884293,0.21828576922416687,10.603452738864231,0.9922000169754028,3.784951686859131,0.07941468805074692,74.96807861328125,0.17844870686531067,37.96086120605469,0.9521899819374084,0.7810367941856384,0.9992082118988037
final04_d2_l2.bmp,27.70672607421875,0.494573175907135,0.906246542930603,56.36089324951172,0.16261398792266846,0.9948887228965759,0.009988352656364441,35.78058889300681,0.08886023610830307,0.2460373342037201,16.30525398557956,0.988953709602356,4.398898601531982,0.09414559602737427,73.09022521972656,0.21366557478904724,35.93694305419922,0.9509592056274414,0.6542307138442993,0.998701810836792
final07_d2_l3.bmp,54.03564453125,0.5846461653709412,0.938179075717926,47.30235290527344,0.160874605178833,0.9887134432792664,0.020761804655194283,26.585549714703586,0.13051578402519226,0.3728155195713043,44.808386471102786,0.9813807010650635,4.7325334548950195,0.11912687867879868,70.75357818603516,0.21303695440292358,34.577857971191406,0.9368913173675537,0.5515778660774231,0.9974035620689392
final02_d2_l1.bmp,81.90087890625,0.6342411637306213,0.9437732100486755,51.01511764526367,0.0980328917503357,0.9908689260482788,0.003438520012423396,53.928437618728225,0.07901402562856674,0.33874374628067017,7.102355066918049,0.995071291923523,8.228907585144043,0.05269492790102959,72.05351257324219,0.12541793286800385,38.07695770263672,0.9831385612487793,0.7856917977333069,0.9989753365516663
final17_d2_l4.bmp,106.8758544921875,0.6124102473258972,0.8901796340942383,53.2066764831543,0.17627596855163574,0.9785634279251099,0.03840819001197815,64.78757247541476,0.13359591364860535,0.2958790063858032,108.18420516289366,0.9730215668678284,8.136903762817383,0.15799613296985626,69.39855194091797,0.2396785318851471,29.530414581298828,0.9161430597305298,0.4723236858844757,0.9947145581245422
final08_d2_l4.bmp,44.73651123046875,0.5885064005851746,0.9743330478668213,44.841949462890625,0.1932281255722046,0.9833019375801086,0.03244258090853691,39.52371128217406,0.255176305770874,0.40777647495269775,70.19072704412666,0.972125768661499,6.3020100593566895,0.14464221894741058,67.2764663696289,0.4739528000354767,33.32928466796875,0.9170005917549133,0.42029842734336853,0.9953358173370361
final19_d2_l3.bmp,39.93463134765625,0.5989861488342285,0.9944417476654053,49.18376922607422,0.12020617723464966,0.9918721318244934,0.019574791193008423,20.50904650742585,0.1078793853521347,0.2757304012775421,32.63113202417016,0.9838147163391113,5.449477672576904,0.11606728285551071,73.38314819335938,0.34871184825897217,33.73583984375,0.9351099133491516,0.5970940589904785,0.9970776438713074
final08_d2_l2.bmp,36.0032958984375,0.5907315015792847,0.9949800372123718,55.92462921142578,0.08850693702697754,0.9961372017860413,0.008894887752830982,29.627871338679004,0.08610689640045166,0.23235559463500977,24.755149856777663,0.9910300970077515,4.740316867828369,0.08705196529626846,71.84199523925781,0.3276979625225067,36.437171936035156,0.9590167999267578,0.6833384037017822,0.9986693859100342
final03_d2_l4.bmp,35.00372314453125,0.5188995003700256,0.9980437755584717,48.158878326416016,0.18922775983810425,0.9857310652732849,0.04192547872662544,28.535606380826135,0.19280554354190826,0.3540272116661072,60.496307024132676,0.9731195569038391,3.9345481395721436,0.22120554745197296,73.40946960449219,0.39262276887893677,26.072771072387695,0.8063704371452332,0.4860590100288391,0.992719292640686
final20_d2_l2.bmp,37.72406005859375,0.6935592889785767,0.9941871166229248,50.30448913574219,0.09403496980667114,0.9966259002685547,0.00815445277839899,25.9322719964031,0.07150533050298691,0.1942790448665619,14.40667817045616,0.9929137229919434,4.895837306976318,0.0823386013507843,74.27030944824219,0.29646533727645874,34.13158416748047,0.9647901654243469,0.7320973873138428,0.9982076287269592
final18_d2_l4.bmp,33.665771484375,0.6245707869529724,0.9557797908782959,48.33600616455078,0.14662504196166992,0.9874691963195801,0.033519405871629715,60.54147476260898,0.136024609208107,0.31660306453704834,56.802414630730354,0.979400098323822,5.7866129875183105,0.13828502595424652,66.64559173583984,0.36283084750175476,32.05311584472656,0.9175047874450684,0.48383843898773193,0.9942180514335632
final16_d2_l5.bmp,70.02276611328125,0.6779689192771912,0.8368791937828064,32.41965103149414,0.27829521894454956,0.9507728219032288,0.07619361579418182,56.10364666913907,0.27982231974601746,0.49425002932548523,115.31355568427979,0.9368347525596619,8.664281845092773,0.19205021858215332,66.63758850097656,0.4708341956138611,30.15799331665039,0.8944476842880249,0.2643026113510132,0.9867516160011292
final15_d2_l4.bmp,41.49853515625,0.626054048538208,0.9910825490951538,56.759281158447266,0.12772154808044434,0.9873347282409668,0.037013765424489975,28.79892388923859,0.1287194788455963,0.25137966871261597,36.94527817822615,0.9812424778938293,4.56155252456665,0.17237065732479095,71.51895141601562,0.6573051810264587,29.012123107910156,0.889251708984375,0.5171169638633728,0.99482661485672
final22_d2_l3.bmp,39.3154296875,0.5258089303970337,0.9980694055557251,44.134376525878906,0.14468783140182495,0.9933860898017883,0.019728371873497963,23.91223061914185,0.17064514756202698,0.29807665944099426,17.362641864619704,0.9858202934265137,3.9427921772003174,0.17357783019542694,72.43694305419922,0.4829844534397125,28.62116241455078,0.8943942189216614,0.5917197465896606,0.9968311190605164
final12_d2_l3.bmp,87.58770751953125,0.5269657969474792,0.7081649899482727,30.48443031311035,0.1866741180419922,0.9741867780685425,0.01396915689110756,86.13404316192006,0.05053044110536575,0.2360140085220337,47.48027890847217,0.9882797598838806,12.997041702270508,0.06774824857711792,70.52710723876953,0.016464950516819954,39.88393020629883,0.9847560524940491,0.4280979335308075,0.9975312948226929
final23_d2_l5.bmp,78.14642333984375,0.5306325554847717,0.9247401356697083,34.733787536621094,0.31730830669403076,0.9417664408683777,0.08292615413665771,50.694470588404826,0.5471548438072205,0.6120368838310242,147.9666106553381,0.9244917631149292,9.16353988647461,0.21714037656784058,56.12076950073242,0.6988469958305359,30.269662857055664,0.8357964158058167,0.24396087229251862,0.9856473803520203
final07_d2_l2.bmp,44.342529296875,0.587537407875061,0.9692543148994446,52.74939727783203,0.1219712495803833,0.9946117401123047,0.009961823932826519,24.00519699168167,0.07942432165145874,0.2837689518928528,22.581362291611143,0.9895210266113281,3.709622621536255,0.09231304377317429,70.93518829345703,0.19854511320590973,36.28997802734375,0.9549056887626648,0.6877003908157349,0.9985755681991577
final21_d2_l1.bmp,30.515869140625,0.6463361382484436,0.9970686435699463,62.37364959716797,0.04747492074966431,0.9976683259010315,0.005482969805598259,21.016407484898124,0.04421945661306381,0.1434038281440735,11.128858533700239,0.9935895800590515,3.003472089767456,0.07914457470178604,74.80038452148438,0.2526577413082123,33.817413330078125,0.956079363822937,0.8321004509925842,0.9986695051193237
final21_d2_l3.bmp,46.83331298828125,0.6450108289718628,0.981202244758606,52.053131103515625,0.0948454737663269,0.9914317727088928,0.02319195680320263,22.850694025333553,0.10633964836597443,0.268053263425827,49.68868266246834,0.9816994667053223,4.180637836456299,0.12918852269649506,74.19155883789062,0.4286959767341614,30.857877731323242,0.9138727784156799,0.6022253632545471,0.9960471391677856
final19_d2_l2.bmp,31.85821533203125,0.6013213396072388,0.9978857040405273,54.90934753417969,0.08070319890975952,0.9961887001991272,0.00939849577844143,18.850888296521887,0.06328776478767395,0.1835595816373825,14.117411869991171,0.9912794828414917,4.571495532989502,0.08790353685617447,74.59033966064453,0.3177219033241272,35.400997161865234,0.9559219479560852,0.730614423751831,0.9984569549560547
final13_d2_l3.bmp,28.39990234375,0.5534958243370056,0.9990309476852417,40.48462677001953,0.14015519618988037,0.9918045997619629,0.02096630074083805,19.06964635794236,0.14651212096214294,0.2896178364753723,31.803536865995852,0.9841305017471313,3.8074045181274414,0.1507575958967209,74.44244384765625,0.35359030961990356,29.647369384765625,0.8929373621940613,0.5993791222572327,0.9948161840438843
final21_d2_l2.bmp,36.20556640625,0.6464766263961792,0.9918311238288879,58.0458984375,0.06740075349807739,0.9957996010780334,0.011091678403317928,22.243333340772995,0.07258105278015137,0.19268997013568878,28.65080683589665,0.9895398616790771,3.515202045440674,0.10061800479888916,74.35653686523438,0.3160582482814789,32.32492446899414,0.938169002532959,0.7295709848403931,0.9977878332138062
final08_d2_l1.bmp,34.45123291015625,0.5925223231315613,0.9978541731834412,58.047264099121094,0.06626379489898682,0.9981064796447754,0.0043516396544873714,28.311021409139258,0.050988078117370605,0.17259594798088074,6.013560252307147,0.9945850968360901,4.281208038330078,0.06786151230335236,72.20328521728516,0.21789400279521942,37.74178695678711,0.9716745615005493,0.8027283549308777,0.9992443919181824
final09_d2_l4.bmp,36.85601806640625,0.552180290222168,0.9787129759788513,37.59242630004883,0.21061420440673828,0.9828559160232544,0.03272275626659393,34.98419417396252,0.2649596929550171,0.4337097108364105,52.34217146837707,0.9699994921684265,6.181278705596924,0.14642933011054993,64.60417175292969,0.36550119519233704,34.04743194580078,0.9151414036750793,0.4482409656047821,0.9949888586997986
final12_d2_l4.bmp,88.029052734375,0.5226539373397827,0.6590090990066528,29.30620002746582,0.22686433792114258,0.9643920063972473,0.024087801575660706,88.32779537232396,0.08003577589988708,0.27931299805641174,63.894510213331344,0.9824364185333252,13.67380142211914,0.08357825130224228,69.80451202392578,0.013206619769334793,37.96998977661133,0.9801415801048279,0.33417192101478577,0.995981752872467
final01_d2_l1.bmp,20.06427001953125,0.5297800302505493,0.9994739890098572,65.58956909179688,0.08600455522537231,0.9969837665557861,0.005733136553317308,20.118700266704334,0.04188058525323868,0.13763438165187836,1.7769421429253784,0.99515700340271,1.751220941543579,0.11850250512361526,75.11548614501953,0.28529244661331177,26.29253387451172,0.9478957653045654,0.8140271306037903,0.9975310564041138
final06_d2_l2.bmp,15.38604736328125,0.5024382472038269,0.9903491139411926,50.36451721191406,0.11927926540374756,0.9949864745140076,0.012395522557199001,26.156484642703592,0.10252097249031067,0.27095910906791687,9.731402189007518,0.9847343564033508,2.967806339263916,0.129649817943573,71.67296600341797,0.2776179909706116,32.139404296875,0.8976850509643555,0.6644010543823242,0.9984016418457031
final20_d2_l5.bmp,60.4248046875,0.6847495436668396,0.9732908606529236,35.6089973449707,0.3040357828140259,0.9605270624160767,0.07967229187488556,41.52259390049752,0.28697633743286133,0.4560793936252594,111.86935149316504,0.9516609311103821,7.626007556915283,0.19774632155895233,58.70226287841797,0.5728582739830017,28.61452293395996,0.8782092332839966,0.31302645802497864,0.9870879650115967
